Server Name,Anti-Cheat
Private City,GHOSTX
Test Town,GHOSTX
Next Community,GHOSTX
Flex City,GHOSTX
Universe City,GHOSTX
Secret X School,GHOSTX
Naifhun Town,GHOSTX
4King Epic,GHOSTX
4King X School,GHOSTX
4King Socute,GHOSTX
Taste D School,GHOSTX
Ranverse X School,GHOSTX
Passion Community,GHOSTX
Timetown,GHOSTX
AI City,GHOSTX
Bangsaen City,GHOSTX
Playcommunity,GHOSTX
Xoxo Town,GHOSTX
Warp Town,GHOSTX
Lnwza Story,GHOSTX
Kirby Town,GHOSTX
Versepunk Academy,GHOSTX
Assist Town,GHOSTX
Family City,GHOSTX
Fam Unity,GHOSTX
Wip Town,GHOSTX
Los Reborn,GHOSTX
Galaxy Town,GHOSTX
Chomkaen,GHOSTX
God Story,GHOSTX
Nine City,GHOSTX
Ace City,GHOSTX
Atlas City,GHOSTX
Crybaby X School,GHOSTX
Lava Town,GHOSTX
One City,GHOSTX
Sea City,GHOSTX
Munchkin Town,GHOSTX
Fresh Town,GHOSTX
Try Town,GHOSTX
Moggy Country,GHOSTX
Luxu City,GHOSTX
Genz X School,GHOSTX
Darling Community,GHOSTX
Build City,GHOSTX
Plus Town,GHOSTX
Hypertown,GHOSTX
King Socute,GHOSTX
Heavy City,GHOSTX
Kitty Cat,GHOSTX
Byou,GHOSTX
What Space,GHOSTX
What Space,กันโปรของตัวเอง
Why City,GHOSTX
BKK City,GHOSTX
What Universal,GHOSTX
WHAT UNIVERSAL,กันโปรของตัวเอง
Gambet School,GHOSTX
Familie City,GHOSTX
Bit,GHOSTX
Wanted City,GHOSTX
BOOM,กันโปรของตัวเอง
BOOM,GHOSTX
Aura City,GHOSTX
Awang Community,GHOSTX
64Bit,GHOSTX
Grand City,GHOSTX
Half City,GHOSTX
Extreme Community,GHOSTX
Car City,GHOSTX
Nova,GHOSTX
Bestie School,GHOSTX
4King's X School,GHOSTX
Bubbu,GHOSTX
Downtown,GHOSTX
Duck School,GHOSTX
Tiger Server,GHOSTX
Silver City,GHOSTX
Metoo Town,GHOSTX
Not,GHOSTX
Villain Genz,GHOSTX
LC 1,CRCBOY
Star Town,CRCBOY
ST 2.0,CRCBOY
Luv Town,Launcher
เอ็กดีโฟคิง,กันโปรของตัวเอง
XD BY CHICKEN-XD,กันโปรของตัวเอง
CHICKEN-XD,กันโปรของตัวเอง
4kingxd,กันโปรของตัวเอง
Commu1,กันโปรของตัวเอง
Commu2,CRCBOY
Commu2,กันโปรของตัวเอง
WHAT TRAINING EVOLUTION,กันโปรของตัวเอง
